"","N","Exp","tmle_c_1"
"1",1000,1,0.000426944026451909
"2",1000,2,0.00118566745041406
"3",1000,3,0.0913536979696407
"4",10000,1,4.22617690762613e-05
"5",10000,2,9.55454467720299e-05
"6",10000,3,0.00671760135150887
"7",1e+05,1,4.06926297843843e-06
"8",1e+05,2,6.95269314674833e-06
"9",1e+05,3,0.000299136342663565
