"","N","Exp","dr_logit_1","dr_RF_Pscore_1","dr_RF_Pscore_CF_1","cross_fit_1","dr_noCF_1"
"1",1000,1,0.000379002700058289,0.0179750321746156,0.103274929292366,0.000501617543394807,0.000889793598521326
"2",1000,2,0.00489759874783736,0.0176876008006443,0.619021900161872,0.000868427236736298,0.00120915318450661
"3",1000,3,0.102264455176878,0.000424197941361093,0.828871895231382,0.00120089266793717,0.0027165434646252
"4",10000,1,4.23806279888088e-05,0.0171127469669155,0.0746597137111936,5.07592721898736e-05,0.000102923710953943
"5",10000,2,0.00410136090490319,0.0175311871700268,0.501009295191162,9.0871287031131e-05,0.000175389009110747
"6",10000,3,0.102354426807546,0.00336525401106755,0.0656414324029516,7.48747603275502e-05,0.000144617554049577
"7",1e+05,1,3.85962977478303e-06,0.0170675536085011,0.073422879825312,5.31977847701344e-06,1.00491696814319e-05
"8",1e+05,2,0.00400773637401602,0.0175464049452384,0.504602110717212,8.15747711033961e-06,1.42929102159262e-05
"9",1e+05,3,0.10226415529926,0.00383518851149602,0.0629889250564767,7.69746371950668e-06,1.51487719910156e-05
