"","N","Exp","nn1_1","ht_1","adjusted_ht_1","loop_rf_1","ps1_1","ps_rf1_1","ps_logit1_1","lr_1","rf_1"
"1",1000,1,0.000527536195899772,0.000633220336822966,0.000423503447591287,0.000468047288189689,0.000534714328018223,0.0181386122779043,0.000523672870159453,0.000423733817994454,0.000462655903059428
"2",1000,2,0.00106431966378132,0.000954571058696514,0.000755241982931527,0.000941002231667457,0.00106000658861048,0.106164298524829,0.00108023073439636,0.00474164461873905,0.00400207591762665
"3",1000,3,0.0684612482915718,0.000776127000196856,0.000709744476956776,0.00308571232402665,0.000749095671981777,0.0373974350797267,0.0686327835990888,0.102752092859012,0.0972200887440469
"4",10000,1,5.4021548974943e-05,6.49862702684494e-05,4.07614644383965e-05,4.85128057010806e-05,5.01080637813212e-05,0.015373069977221,5.57006605922551e-05,4.07413863895587e-05,4.64288454804668e-05
"5",10000,2,9.66851662100457e-05,9.52460361241903e-05,7.5991457595579e-05,9.36229620393587e-05,9.09762347031964e-05,0.101024009654795,9.66707232876713e-05,0.00365502652678273,0.00284919764465501
"6",10000,3,0.0114947806833713,7.18404060856604e-05,6.66743197033343e-05,0.000145455819253606,7.06540774487472e-05,0.0224631242596811,0.0115606511161731,0.102543774909655,0.0999710653864449
"7",1e+05,1,4.71932209567199e-06,6.6538425826981e-06,4.07092172276222e-06,4.70786544228458e-06,5.08843872437358e-06,0.0131213241856492,5.07963439635536e-06,4.07175835412831e-06,5.17143713870621e-06
"8",1e+05,2,7.40774406392694e-06,8.44696397274932e-06,6.35730304857852e-06,8.03920123779283e-06,7.72922168949773e-06,0.108661188977854,7.57569497716896e-06,0.00372191687896366,0.00277897748796179
"9",1e+05,3,0.00764512113166287,7.29801259877949e-06,6.38948214429862e-06,8.94255205150234e-06,6.74561093394078e-06,0.0361031284437358,0.0076587706453303,0.10229535819607,0.100057359106803
