"","N","Exp","dr_logit_1","cross_fit_1"
"1",1000,1,0.000360255024859902,0.000482157827255461
"2",1000,2,0.00501229443661989,0.000882661406715603
"3",1000,3,0.102273944518343,0.00113362203933158
"4",10000,1,4.25512751555718e-05,5.16758596954498e-05
"5",10000,2,0.00409064285157269,9.19972989554876e-05
"6",10000,3,0.102281722129151,7.00838751971463e-05
"7",1e+05,1,3.92948505442361e-06,5.33066847507271e-06
"8",1e+05,2,0.00401573506379105,7.93525259799795e-06
"9",1e+05,3,0.102270805113373,7.84349213940379e-06
