"","N","Exp","nn1_1","ht_1","adjusted_ht_1","loop_rf_1","ps1_1","ps_rf1_1","ps_logit1_1","lr_1","rf_1"
"1",1000,1,0.000526957695321215,0.000631394428100001,0.000423215491129365,0.000467278287983618,0.000533311803072836,0.0180140737957981,0.000523351414739442,0.000423355720355887,0.000429479307244969
"2",1000,2,0.00106107260755185,0.000954295366219377,0.000755207872425356,0.000940521826879638,0.00105997587185621,0.0940090803181802,0.00107728814192537,0.00086292666112821,0.000809573418731286
"3",1000,3,0.000628884947670466,0.000771311691480571,0.00070717132601577,0.00308233472123842,0.000748286081952668,0.0354481824087671,0.000627074184961662,0.000285028390725292,0.000305905924569902
"4",10000,1,5.40106646395566e-05,6.4981550141228e-05,4.07492220390753e-05,4.84983152304171e-05,5.00987354777113e-05,0.0153205124315461,5.55626288780154e-05,4.07296441602743e-05,4.63506695450046e-05
"5",10000,2,9.47987454911282e-05,9.32704887492242e-05,7.45048677837344e-05,9.26530345461665e-05,8.95560020120514e-05,0.0893298488125769,9.54733477200225e-05,8.17972114523125e-05,8.37143347067674e-05
"6",10000,3,8.76648579033953e-05,7.1832057741502e-05,6.65866333489088e-05,0.000144972937407402,7.05376394892098e-05,0.0218261425499037,9.06802463665098e-05,2.88121492031945e-05,3.18671255689629e-05
"7",1e+05,1,4.71383462725909e-06,6.65382797892273e-06,4.06347698314739e-06,4.70371082694273e-06,5.08089863066298e-06,0.013119609875615,5.0730545628136e-06,4.06426494095989e-06,4.53724098494313e-06
"8",1e+05,2,7.4052463465107e-06,8.4123860332524e-06,6.34570128134951e-06,7.97689896156505e-06,7.71087319332374e-06,0.0869231268417428,7.55229575696921e-06,7.06104070542736e-06,7.44441360809407e-06
"9",1e+05,3,6.30538668645441e-06,7.27205988622586e-06,6.33980640638131e-06,8.86439594026588e-06,6.70333807524868e-06,0.0357223630072239,6.42276759979521e-06,2.91656132371532e-06,3.24888022187886e-06
